,Country,< $1.90 a day,< $3.20 a day,< $5.50 a day,gdp per capita,HDI
5,Australia,0.50%,0.74%,0.74%,54941.43418,0.941
22,Canada,0.25%,0.50%,0.74%,46328.67184,0.937
63,India,5.50%,26.20%,60.50%,2047.232704,0.645
67,Ireland,0.24%,0.32%,0.40%,80927.07467,0.942
71,Jamaica,1.80%,9.31%,29.93%,5626.171177,0.719
89,Malaysia,0.01%,0.09%,1.39%,11132.02393,0.81
109,Nigeria,39.20%,71.06%,92.04%,2204.181574,0.538
135,South Africa,19.67%,38.49%,57.85%,6688.787271,0.736
157,United Kingdom,0.30%,0.46%,0.86%,42747.08046,0.935